1,Permit Number,Permit Type,Permit Type Definition,Permit Creation Date,Block,Lot,Street Number,Street Name,Street Suffix,Unit,Description,Current Status,Current Status Date,Filed Date,Issued Date,First Construction Document Date,Number of Existing Stories,Number of Proposed Stories,Permit Expiration Date,Estimated Cost,Revised Cost,Existing Use,Existing Units,Proposed Use,Proposed Units,Plansets,Existing Construction Type,Existing Construction Type Description,Proposed Construction Type,Proposed Construction Type Description,Supervisor District,Neighborhoods - Analysis Boundaries,Zipcode,Location,Record ID,Duration (days),Permit Type Definition_additions alterations or repairs,Permit Type Definition_demolitions,Permit Type Definition_new construction,Permit Type Definition_otc alterations permit,Permit Type Definition_sign - erect,Permit Type Definition_wall or painted sign,Current Status_approved,Current Status_cancelled,Current Status_complete,Current Status_expired,Current Status_filed,Current Status_issued,Current Status_reinstated,Current Status_withdrawn,Existing Use_1 family dwelling,Existing Use_2 family dwelling,Existing Use_apartments,Existing Use_church,Existing Use_office,Existing Use_retail sales,Existing Use_storage shed,Existing Use_tourist hotel/motel,Permit Type Definition_additions alterations or repairs,Permit Type Definition_demolitions,Permit Type Definition_new construction,Permit Type Definition_otc alterations permit,Permit Type Definition_sign - erect,Permit Type Definition_wall or painted sign,Current Status_approved,Current Status_cancelled,Current Status_complete,Current Status_expired,Current Status_filed,Current Status_issued,Current Status_reinstated,Current Status_withdrawn,Existing Use_1 family dwelling,Existing Use_2 family dwelling,Existing Use_apartments,Existing Use_church,Existing Use_office,Existing Use_retail sales,Existing Use_storage shed,Existing Use_tourist hotel/motel,Permit Type Definition_additions alterations or repairs,Permit Type Definition_demolitions,Permit Type Definition_new construction,Permit Type Definition_otc alterations permit,Permit Type Definition_sign - erect,Permit Type Definition_wall or painted sign,Current Status_approved,Current Status_cancelled,Current Status_complete,Current Status_expired,Current Status_filed,Current Status_issued,Current Status_reinstated,Current Status_withdrawn,Existing Use_1 family dwelling,Existing Use_2 family dwelling,Existing Use_apartments,Existing Use_church,Existing Use_office,Existing Use_retail sales,Existing Use_storage shed,Existing Use_tourist hotel/motel
2,2.01505E+11,4,sign - erect,2015-05-06,326,23,140,Ellis,St,,"ground fl facade: to erect illuminated, electric, wall, single faced sign. n/a for maher ordinance 155-13.",expired,12/21/2017,05/06/2015,2015-11-09,11/09/2015,6.0,,11/03/2016,4000.0,4000.0,tourist hotel/motel,143.0,,,2.0,3.0,constr type 3,,,3,Tenderloin,94102,"(37.785719256680785, -122.40852313194863)",1380610000000.0,187,0,0,0,0,1,0,0,0,0,1,0,0,0,0,0,0,0,0,0,0,0,1,0,0,0,0,1,0,0,0,0,1,0,0,0,0,0,0,0,0,0,0,0,1,0,0,0,0,1,0,0,0,0,1,0,0,0,0,0,0,0,0,0,0,0,1
3,2.01604E+11,4,sign - erect,2016-04-19,306,7,440,Geary,St,0.0,remove (e) awning and associated signs.,issued,08/03/2017,04/19/2016,2017-08-03,08/03/2017,7.0,,12/03/2017,1.0,500.0,tourist hotel/motel,,,,2.0,3.0,constr type 3,,,3,Tenderloin,94102,"(37.78733980600732, -122.41063199757738)",1420160000000.0,471,0,0,0,0,1,0,0,0,0,0,0,1,0,0,0,0,0,0,0,0,0,1,0,0,0,0,1,0,0,0,0,0,0,1,0,0,0,0,0,0,0,0,0,1,0,0,0,0,1,0,0,0,0,0,0,1,0,0,0,0,0,0,0,0,0,1
4,2.01605E+11,3,additions alterations or repairs,2016-05-27,595,203,1647,Pacific,Av,,installation of separating wall,withdrawn,09/26/2017,05/27/2016,2017-07-18,,6.0,6.0,,20000.0,,retail sales,39.0,retail sales,39.0,2.0,1.0,constr type 1,1.0,constr type 1,3,Russian Hill,94109,"(37.7946573324287, -122.42232562979227)",1424860000000.0,417,1,0,0,0,0,0,0,0,0,0,0,0,0,1,0,0,0,0,0,1,0,0,1,0,0,0,0,0,0,0,0,0,0,0,0,1,0,0,0,0,0,1,0,0,1,0,0,0,0,0,0,0,0,0,0,0,0,1,0,0,0,0,0,1,0,0
5,2.01611E+11,8,otc alterations permit,2016-11-07,156,11,1230,Pacific,Av,0.0,repair dryrot & stucco at front of bldg.,complete,07/24/2017,11/07/2016,2017-07-18,07/18/2017,2.0,2.0,07/13/2018,2000.0,2000.0,1 family dwelling,1.0,1 family dwelling,1.0,2.0,5.0,wood frame (5),5.0,wood frame (5),3,Nob Hill,94109,"(37.79595867909168, -122.41557405519474)",1443570000000.0,253,0,0,0,1,0,0,0,0,1,0,0,0,0,0,1,0,0,0,0,0,0,0,0,0,0,1,0,0,0,0,1,0,0,0,0,0,1,0,0,0,0,0,0,0,0,0,0,1,0,0,0,0,1,0,0,0,0,0,1,0,0,0,0,0,0,0
6,2.01611E+11,6,demolitions,2016-11-28,342,1,950,Market,St,,demolish retail/office/commercial 3-story building,issued,12/01/2017,11/28/2016,2017-12-01,11/20/2017,3.0,,12/01/2018,100000.0,100000.0,retail sales,,,,2.0,3.0,constr type 3,,,6,Tenderloin,94102,"(37.78315261897309, -122.40950883997789)",144548000000.0,368,0,1,0,0,0,0,0,0,0,0,0,1,0,0,0,0,0,0,0,1,0,0,0,1,0,0,0,0,0,0,0,0,0,1,0,0,0,0,0,0,0,1,0,0,0,1,0,0,0,0,0,0,0,0,0,1,0,0,0,0,0,0,0,1,0,0
7,2.01706E+11,8,otc alterations permit,2017-06-14,4105,9,800,Indiana,St,,evac maps,issued,07/06/2017,06/14/2017,2017-07-06,07/06/2017,5.0,5.0,07/01/2018,4000.0,4000.0,apartments,326.0,apartments,326.0,2.0,1.0,constr type 1,1.0,constr type 1,10,Potrero Hill,94107,"(37.75922331346539, -122.39170402628598)",1466910000000.0,22,0,0,0,1,0,0,0,0,0,0,0,1,0,0,0,0,1,0,0,0,0,0,0,0,0,1,0,0,0,0,0,0,0,1,0,0,0,0,1,0,0,0,0,0,0,0,0,1,0,0,0,0,0,0,0,1,0,0,0,0,1,0,0,0,0,0
8,2.01706E+11,8,otc alterations permit,2017-06-30,1739,20,1291,11th,Av,0.0,re-roofing,complete,07/12/2017,06/30/2017,2017-06-30,06/30/2017,3.0,3.0,06/25/2018,12000.0,12000.0,apartments,5.0,apartments,5.0,0.0,5.0,wood frame (5),5.0,wood frame (5),5,Inner Sunset,94122,"(37.764145640138565, -122.46875112470363)",1468970000000.0,0,0,0,0,1,0,0,0,0,1,0,0,0,0,0,0,0,1,0,0,0,0,0,0,0,0,1,0,0,0,0,1,0,0,0,0,0,0,0,1,0,0,0,0,0,0,0,0,1,0,0,0,0,1,0,0,0,0,0,0,0,1,0,0,0,0,0
9,M803667,8,otc alterations permit,2017-06-30,4789,14,1465,Revere,Av,,streetspace,issued,06/30/2017,06/30/2017,2017-06-30,06/30/2017,,,,,0.0,,,,,,,,,,10,Bayview Hunters Point,94124,"(37.73005099023611, -122.38784938916618)",1469040000000.0,0,0,0,0,1,0,0,0,0,0,0,0,1,0,0,0,0,0,0,0,0,0,0,0,0,0,1,0,0,0,0,0,0,0,1,0,0,0,0,0,0,0,0,0,0,0,0,0,1,0,0,0,0,0,0,0,1,0,0,0,0,0,0,0,0,0,0
10,M804227,8,otc alterations permit,2017-07-05,1212,54,2094,Fell,St,,street space permit,issued,07/05/2017,07/05/2017,2017-07-05,07/05/2017,,,,,1.0,,,,,,,,,,5,Lone Mountain/USF,94117,"(37.772393498502595, -122.45231466824669)",1469200000000.0,0,0,0,0,1,0,0,0,0,0,0,0,1,0,0,0,0,0,0,0,0,0,0,0,0,0,1,0,0,0,0,0,0,0,1,0,0,0,0,0,0,0,0,0,0,0,0,0,1,0,0,0,0,0,0,0,1,0,0,0,0,0,0,0,0,0,0
11,M804767,8,otc alterations permit,2017-07-06,1259,16,89,Alpine,Tr,,street space,issued,07/06/2017,07/06/2017,2017-07-06,07/06/2017,,,,,0.0,,,,,,,,,,8,Haight Ashbury,94117,"(37.7691724293766, -122.43734859051908)",146932000000.0,0,0,0,0,1,0,0,0,0,0,0,0,1,0,0,0,0,0,0,0,0,0,0,0,0,0,1,0,0,0,0,0,0,0,1,0,0,0,0,0,0,0,0,0,0,0,0,0,1,0,0,0,0,0,0,0,1,0,0,0,0,0,0,0,0,0,0
12,M805287,8,otc alterations permit,2017-07-06,3541,1,106,Sanchez,St,,street space,issued,07/06/2017,07/06/2017,2017-07-06,07/06/2017,,,,,1.0,,,,,,,,,,8,Castro/Upper Market,94114,"(37.767349757757145, -122.43140682973024)",1469450000000.0,0,0,0,0,1,0,0,0,0,0,0,0,1,0,0,0,0,0,0,0,0,0,0,0,0,0,1,0,0,0,0,0,0,0,1,0,0,0,0,0,0,0,0,0,0,0,0,0,1,0,0,0,0,0,0,0,1,0,0,0,0,0,0,0,0,0,0
13,M805907,8,otc alterations permit,2017-07-07,829,21,675,Fell,St,,street space,issued,07/07/2017,07/07/2017,2017-07-07,07/07/2017,,,,,1.0,,,,,,,,,,5,Hayes Valley,94102,"(37.774914087334544, -122.42886839796792)",146962000000.0,0,0,0,0,1,0,0,0,0,0,0,0,1,0,0,0,0,0,0,0,0,0,0,0,0,0,1,0,0,0,0,0,0,0,1,0,0,0,0,0,0,0,0,0,0,0,0,0,1,0,0,0,0,0,0,0,1,0,0,0,0,0,0,0,0,0,0
14,M806447,8,otc alterations permit,2017-07-10,6537,23,4082,25th,St,,street space,issued,07/10/2017,07/10/2017,2017-07-10,07/10/2017,,,,,1.0,,,,,,,,,,8,Noe Valley,94114,"(37.75006779619502, -122.43127350268124)",1469780000000.0,0,0,0,0,1,0,0,0,0,0,0,0,1,0,0,0,0,0,0,0,0,0,0,0,0,0,1,0,0,0,0,0,0,0,1,0,0,0,0,0,0,0,0,0,0,0,0,0,1,0,0,0,0,0,0,0,1,0,0,0,0,0,0,0,0,0,0
15,2.01707E+11,8,otc alterations permit,2017-07-25,6589,002R,681,27th,St,,remove and replace landscape wall,filed,07/25/2017,07/25/2017,2017-07-26,,2.0,2.0,,30000.0,0.0,1 family dwelling,1.0,1 family dwelling,1.0,2.0,5.0,wood frame (5),5.0,wood frame (5),8,Noe Valley,94131,"(37.7462205625642, -122.4353484860549)",1471800000000.0,1,0,0,0,1,0,0,0,0,0,0,1,0,0,0,1,0,0,0,0,0,0,0,0,0,0,1,0,0,0,0,0,0,1,0,0,0,1,0,0,0,0,0,0,0,0,0,0,1,0,0,0,0,0,0,1,0,0,0,1,0,0,0,0,0,0,0
16,M813729,8,otc alterations permit,2017-07-26,1049,27,2761,Pine,St,,street space,issued,07/26/2017,07/26/2017,2017-07-26,07/26/2017,,,,,1.0,,,,,,,,,,2,Pacific Heights,94115,"(37.78676200041077, -122.44124093333335)",147204000000.0,0,0,0,0,1,0,0,0,0,0,0,0,1,0,0,0,0,0,0,0,0,0,0,0,0,0,1,0,0,0,0,0,0,0,1,0,0,0,0,0,0,0,0,0,0,0,0,0,1,0,0,0,0,0,0,0,1,0,0,0,0,0,0,0,0,0,0
17,M813907,8,otc alterations permit,2017-07-27,243,43,840,Powell,St,301.0,street space,issued,07/27/2017,07/27/2017,2017-07-27,07/27/2017,,,,,1.0,,,,,,,,,,3,Chinatown,94108,"(37.7926690651263, -122.40883941791454)",147209000000.0,0,0,0,0,1,0,0,0,0,0,0,0,1,0,0,0,0,0,0,0,0,0,0,0,0,0,1,0,0,0,0,0,0,0,1,0,0,0,0,0,0,0,0,0,0,0,0,0,1,0,0,0,0,0,0,0,1,0,0,0,0,0,0,0,0,0,0
18,M813967,8,otc alterations permit,2017-07-27,268,8,220,Montgomery,St,,street space permit,issued,07/27/2017,07/27/2017,2017-07-27,07/27/2017,,,,,1.0,,,,,,,,,,3,Financial District/South Beach,94104,"(37.79130641988351, -122.40198579459195)",147212000000.0,0,0,0,0,1,0,0,0,0,0,0,0,1,0,0,0,0,0,0,0,0,0,0,0,0,0,1,0,0,0,0,0,0,0,1,0,0,0,0,0,0,0,0,0,0,0,0,0,1,0,0,0,0,0,0,0,1,0,0,0,0,0,0,0,0,0,0
19,M814148,8,otc alterations permit,2017-07-27,3621,97,3707,21st,St,0.0,street space & sidewalk repair,issued,07/27/2017,07/27/2017,2017-07-27,07/27/2017,,,,,1.0,,,,,,,,,,8,Noe Valley,94114,"(37.75607840165479, -122.43041143390109)",1472180000000.0,0,0,0,0,1,0,0,0,0,0,0,0,1,0,0,0,0,0,0,0,0,0,0,0,0,0,1,0,0,0,0,0,0,0,1,0,0,0,0,0,0,0,0,0,0,0,0,0,1,0,0,0,0,0,0,0,1,0,0,0,0,0,0,0,0,0,0
20,2.01707E+11,8,otc alterations permit,2017-07-28,472,42,1307,Bay,St,1.0,soft story ordinance sf building code chptr 34b and fema p807,filed,07/28/2017,07/28/2017,2017-07-28,,4.0,4.0,,75000.0,0.0,apartments,6.0,apartments,6.0,2.0,5.0,wood frame (5),5.0,wood frame (5),2,Marina,94123,"(37.8035183252307, -122.42863180996076)",1472280000000.0,0,0,0,0,1,0,0,0,0,0,0,1,0,0,0,0,0,1,0,0,0,0,0,0,0,0,1,0,0,0,0,0,0,1,0,0,0,0,0,1,0,0,0,0,0,0,0,0,1,0,0,0,0,0,0,1,0,0,0,0,0,1,0,0,0,0,0
21,M814368,8,otc alterations permit,2017-07-28,2659,1,263,Corbett,Av,0.0,street space,issued,07/28/2017,07/28/2017,2017-07-28,07/28/2017,,,,,1.0,,,,,,,,,,8,Castro/Upper Market,94114,"(37.761092365437214, -122.44402154957145)",1472300000000.0,0,0,0,0,1,0,0,0,0,0,0,0,1,0,0,0,0,0,0,0,0,0,0,0,0,0,1,0,0,0,0,0,0,0,1,0,0,0,0,0,0,0,0,0,0,0,0,0,1,0,0,0,0,0,0,0,1,0,0,0,0,0,0,0,0,0,0
22,M814967,8,otc alterations permit,2017-07-31,1176,68,1624,Fulton,St,,street space,issued,07/31/2017,07/31/2017,2017-07-31,07/31/2017,,,,,1.0,,,,,,,,,,5,Lone Mountain/USF,94117,"(37.77640228859421, -122.44361679686382)",1472620000000.0,0,0,0,0,1,0,0,0,0,0,0,0,1,0,0,0,0,0,0,0,0,0,0,0,0,0,1,0,0,0,0,0,0,0,1,0,0,0,0,0,0,0,0,0,0,0,0,0,1,0,0,0,0,0,0,0,1,0,0,0,0,0,0,0,0,0,0
23,2.01708E+11,8,otc alterations permit,2017-08-01,6529,10,3410,26th,St,,repair fire damage to comply with nov #201551241.,filed,08/01/2017,08/01/2017,2017-08-07,,2.0,2.0,,100000.0,0.0,2 family dwelling,2.0,2 family dwelling,2.0,2.0,5.0,wood frame (5),5.0,wood frame (5),9,Mission,94110,"(37.74914175355125, -122.41849211166853)",1472730000000.0,6,0,0,0,1,0,0,0,0,0,0,1,0,0,0,0,1,0,0,0,0,0,0,0,0,0,1,0,0,0,0,0,0,1,0,0,0,0,1,0,0,0,0,0,0,0,0,0,1,0,0,0,0,0,0,1,0,0,0,0,1,0,0,0,0,0,0
24,2.01708E+11,3,additions alterations or repairs,2017-08-01,74,43,2150,Taylor,St,,"soft story retrofit per sfebc chapter 4d, asce 41-06.",filed,08/01/2017,08/01/2017,2017-08-07,,3.0,3.0,,100000.0,,apartments,6.0,apartments,6.0,2.0,5.0,wood frame (5),5.0,wood frame (5),3,Russian Hill,94133,"(37.802405951667645, -122.41446286561653)",147281000000.0,6,1,0,0,0,0,0,0,0,0,0,1,0,0,0,0,0,1,0,0,0,0,0,1,0,0,0,0,0,0,0,0,0,1,0,0,0,0,0,1,0,0,0,0,0,1,0,0,0,0,0,0,0,0,0,1,0,0,0,0,0,1,0,0,0,0,0
25,M816927,8,otc alterations permit,2017-08-07,941,12,2824,Filbert,St,,street space,issued,08/07/2017,08/07/2017,2017-08-07,08/07/2017,,,,,1.0,,,,,,,,,,2,Marina,94123,"(37.79697456740493, -122.44615769723546)",147359000000.0,0,0,0,0,1,0,0,0,0,0,0,0,1,0,0,0,0,0,0,0,0,0,0,0,0,0,1,0,0,0,0,0,0,0,1,0,0,0,0,0,0,0,0,0,0,0,0,0,1,0,0,0,0,0,0,0,1,0,0,0,0,0,0,0,0,0,0
26,2.01708E+11,8,otc alterations permit,2017-08-08,542,39,1,Charlton,Ct,,re-roofing,issued,08/08/2017,08/08/2017,2017-08-08,08/08/2017,4.0,4.0,08/08/2018,64650.0,64650.0,apartments,9.0,apartments,9.0,0.0,5.0,wood frame (5),5.0,wood frame (5),2,Marina,94123,"(37.79739093461306, -122.43127133823367)",1473800000000.0,0,0,0,0,1,0,0,0,0,0,0,0,1,0,0,0,0,1,0,0,0,0,0,0,0,0,1,0,0,0,0,0,0,0,1,0,0,0,0,1,0,0,0,0,0,0,0,0,1,0,0,0,0,0,0,0,1,0,0,0,0,1,0,0,0,0,0
27,2.01708E+11,8,otc alterations permit,2017-08-16,1824,6,1435,29th,Av,,re-roofing,issued,08/16/2017,08/16/2017,2017-08-16,08/16/2017,2.0,2.0,02/16/2018,7000.0,7000.0,1 family dwelling,1.0,1 family dwelling,1.0,0.0,5.0,wood frame (5),5.0,wood frame (5),4,Sunset/Parkside,94122,"(37.76052279949518, -122.4879889739165)",1474840000000.0,0,0,0,0,1,0,0,0,0,0,0,0,1,0,0,1,0,0,0,0,0,0,0,0,0,0,1,0,0,0,0,0,0,0,1,0,0,1,0,0,0,0,0,0,0,0,0,0,1,0,0,0,0,0,0,0,1,0,0,1,0,0,0,0,0,0,0
28,M820728,8,otc alterations permit,2017-08-18,1449,6,331,17th,Av,,street space,issued,08/18/2017,08/18/2017,2017-08-18,08/18/2017,,,,,1.0,,,,,,,,,,1,Outer Richmond,94121,"(37.78177022745135, -122.47658979438802)",1475220000000.0,0,0,0,0,1,0,0,0,0,0,0,0,1,0,0,0,0,0,0,0,0,0,0,0,0,0,1,0,0,0,0,0,0,0,1,0,0,0,0,0,0,0,0,0,0,0,0,0,1,0,0,0,0,0,0,0,1,0,0,0,0,0,0,0,0,0,0
29,M821207,8,otc alterations permit,2017-08-21,1193,24,120,Shrader,St,,street space & sidewalk repair,issued,08/21/2017,08/21/2017,2017-08-21,08/21/2017,,,,,1.0,,,,,,,,,,5,Lone Mountain/USF,94117,"(37.77371007080848, -122.45243180846707)",147538000000.0,0,0,0,0,1,0,0,0,0,0,0,0,1,0,0,0,0,0,0,0,0,0,0,0,0,0,1,0,0,0,0,0,0,0,1,0,0,0,0,0,0,0,0,0,0,0,0,0,1,0,0,0,0,0,0,0,1,0,0,0,0,0,0,0,0,0,0
30,M821268,8,otc alterations permit,2017-08-21,1851,12,1512,06th,Av,,street space,issued,08/21/2017,08/21/2017,2017-08-21,08/21/2017,,,,,1.0,,,,,,,,,,7,Inner Sunset,94122,"(37.760252335082875, -122.4625393396095)",1475410000000.0,0,0,0,0,1,0,0,0,0,0,0,0,1,0,0,0,0,0,0,0,0,0,0,0,0,0,1,0,0,0,0,0,0,0,1,0,0,0,0,0,0,0,0,0,0,0,0,0,1,0,0,0,0,0,0,0,1,0,0,0,0,0,0,0,0,0,0
31,M821847,8,otc alterations permit,2017-08-22,326,1,165,Powell,St,,street space,issued,08/22/2017,08/22/2017,2017-08-22,08/22/2017,,,,,1.0,,,,,,,,,,3,Tenderloin,94102,"(37.78625524960107, -122.40834431815433)",1475610000000.0,0,0,0,0,1,0,0,0,0,0,0,0,1,0,0,0,0,0,0,0,0,0,0,0,0,0,1,0,0,0,0,0,0,0,1,0,0,0,0,0,0,0,0,0,0,0,0,0,1,0,0,0,0,0,0,0,1,0,0,0,0,0,0,0,0,0,0
32,M822307,8,otc alterations permit,2017-08-23,182,4,1441,Taylor,St,0.0,street space,issued,08/23/2017,08/23/2017,2017-08-23,08/23/2017,,,,,1.0,,,,,,,,,,3,Nob Hill,94133,"(37.79566333315149, -122.41363462406336)",1475760000000.0,0,0,0,0,1,0,0,0,0,0,0,0,1,0,0,0,0,0,0,0,0,0,0,0,0,0,1,0,0,0,0,0,0,0,1,0,0,0,0,0,0,0,0,0,0,0,0,0,1,0,0,0,0,0,0,0,1,0,0,0,0,0,0,0,0,0,0
33,M822487,8,otc alterations permit,2017-08-23,3580,17,3830,18th,St,0.0,street space permit,issued,08/23/2017,08/23/2017,2017-08-23,08/23/2017,,,,,1.0,,,,,,,,,,8,Castro/Upper Market,94114,"(37.761512899115466, -122.42911964946909)",1475800000000.0,0,0,0,0,1,0,0,0,0,0,0,0,1,0,0,0,0,0,0,0,0,0,0,0,0,0,1,0,0,0,0,0,0,0,1,0,0,0,0,0,0,0,0,0,0,0,0,0,1,0,0,0,0,0,0,0,1,0,0,0,0,0,0,0,0,0,0
34,M822707,8,otc alterations permit,2017-08-23,3610,41,563,Capp,St,,street space,issued,08/23/2017,08/23/2017,2017-08-23,08/23/2017,,,,,0.0,,,,,,,,,,9,Mission,94110,"(37.75771026684177, -122.4175528755785)",1475840000000.0,0,0,0,0,1,0,0,0,0,0,0,0,1,0,0,0,0,0,0,0,0,0,0,0,0,0,1,0,0,0,0,0,0,0,1,0,0,0,0,0,0,0,0,0,0,0,0,0,1,0,0,0,0,0,0,0,1,0,0,0,0,0,0,0,0,0,0
35,2.01708E+11,3,additions alterations or repairs,2017-08-24,3749,47,76,Lansing,St,,"mandatory soft-story compliance per sfebc ch.4d, criteria fema p807 & asce 41-13.",approved,12/14/2017,08/24/2017,2017-08-25,,3.0,3.0,,73000.0,73000.0,apartments,6.0,apartments,6.0,2.0,5.0,wood frame (5),5.0,wood frame (5),6,Financial District/South Beach,94105,"(37.78595425737664, -122.39444130117158)",1476030000000.0,1,1,0,0,0,0,0,1,0,0,0,0,0,0,0,0,0,1,0,0,0,0,0,1,0,0,0,0,0,1,0,0,0,0,0,0,0,0,0,1,0,0,0,0,0,1,0,0,0,0,0,1,0,0,0,0,0,0,0,0,0,1,0,0,0,0,0
36,M823847,8,otc alterations permit,2017-08-25,3545,018A,1810,15th,St,,street space,issued,08/25/2017,08/25/2017,2017-08-25,08/25/2017,,,,,1.0,,,,,,,,,,8,Mission,94103,"(37.766508011617525, -122.42470825254468)",1476230000000.0,0,0,0,0,1,0,0,0,0,0,0,0,1,0,0,0,0,0,0,0,0,0,0,0,0,0,1,0,0,0,0,0,0,0,1,0,0,0,0,0,0,0,0,0,0,0,0,0,1,0,0,0,0,0,0,0,1,0,0,0,0,0,0,0,0,0,0
37,M824007,8,otc alterations permit,2017-08-25,749,006A,1445,Eddy,St,,street space,issued,08/25/2017,08/25/2017,2017-08-25,08/25/2017,,,,,1.0,,,,,,,,,,5,Western Addition,94115,"(37.7813061748427, -122.43142154292566)",147627000000.0,0,0,0,0,1,0,0,0,0,0,0,0,1,0,0,0,0,0,0,0,0,0,0,0,0,0,1,0,0,0,0,0,0,0,1,0,0,0,0,0,0,0,0,0,0,0,0,0,1,0,0,0,0,0,0,0,1,0,0,0,0,0,0,0,0,0,0
38,M824127,8,otc alterations permit,2017-08-28,6551,23,1383,Church,St,,street space,issued,08/28/2017,08/28/2017,2017-08-28,08/28/2017,,,,,1.0,,,,,,,,,,8,Noe Valley,94114,"(37.748779856735744, -122.42683572581998)",1476360000000.0,0,0,0,0,1,0,0,0,0,0,0,0,1,0,0,0,0,0,0,0,0,0,0,0,0,0,1,0,0,0,0,0,0,0,1,0,0,0,0,0,0,0,0,0,0,0,0,0,1,0,0,0,0,0,0,0,1,0,0,0,0,0,0,0,0,0,0
39,M824927,8,otc alterations permit,2017-08-29,6597,24,681,San Jose,Av,,street space,issued,08/29/2017,08/29/2017,2017-08-29,08/29/2017,,,,,1.0,,,,,,,,,,8,Bernal Heights,94110,"(37.74446179156465, -122.42217241874201)",1476710000000.0,0,0,0,0,1,0,0,0,0,0,0,0,1,0,0,0,0,0,0,0,0,0,0,0,0,0,1,0,0,0,0,0,0,0,1,0,0,0,0,0,0,0,0,0,0,0,0,0,1,0,0,0,0,0,0,0,1,0,0,0,0,0,0,0,0,0,0
40,M825267,8,otc alterations permit,2017-08-29,1572,17,606,30th,Av,,street space,issued,08/29/2017,08/29/2017,2017-08-29,08/29/2017,,,,,1.0,,,,,,,,,,1,Outer Richmond,94121,"(37.77767213358907, -122.48966493609916)",1476720000000.0,0,0,0,0,1,0,0,0,0,0,0,0,1,0,0,0,0,0,0,0,0,0,0,0,0,0,1,0,0,0,0,0,0,0,1,0,0,0,0,0,0,0,0,0,0,0,0,0,1,0,0,0,0,0,0,0,1,0,0,0,0,0,0,0,0,0,0
41,M828787,8,otc alterations permit,2017-09-07,177,22,655,Pacific,Av,0.0,street space,issued,09/07/2017,09/07/2017,2017-09-07,09/07/2017,,,,,0.0,,,,,,,,,,3,Chinatown,94133,"(37.79673343870443, -122.40610115140781)",1477870000000.0,0,0,0,0,1,0,0,0,0,0,0,0,1,0,0,0,0,0,0,0,0,0,0,0,0,0,1,0,0,0,0,0,0,0,1,0,0,0,0,0,0,0,0,0,0,0,0,0,1,0,0,0,0,0,0,0,1,0,0,0,0,0,0,0,0,0,0
42,M829567,8,otc alterations permit,2017-09-08,490,2,3325,Steiner,St,,street space,issued,09/08/2017,09/08/2017,2017-09-08,09/08/2017,,,,,1.0,,,,,,,,,,2,Marina,94123,"(37.80002156448977, -122.43806594677513)",147814000000.0,0,0,0,0,1,0,0,0,0,0,0,0,1,0,0,0,0,0,0,0,0,0,0,0,0,0,1,0,0,0,0,0,0,0,1,0,0,0,0,0,0,0,0,0,0,0,0,0,1,0,0,0,0,0,0,0,1,0,0,0,0,0,0,0,0,0,0
43,M832207,8,otc alterations permit,2017-09-15,1609,021F,700,36th,Av,,street space,issued,09/15/2017,09/15/2017,2017-09-15,09/15/2017,,,,,1.0,,,,,,,,,,1,Outer Richmond,94121,"(37.77554028396788, -122.49601102992328)",1479530000000.0,0,0,0,0,1,0,0,0,0,0,0,0,1,0,0,0,0,0,0,0,0,0,0,0,0,0,1,0,0,0,0,0,0,0,1,0,0,0,0,0,0,0,0,0,0,0,0,0,1,0,0,0,0,0,0,0,1,0,0,0,0,0,0,0,0,0,0
44,2.01709E+11,8,otc alterations permit,2017-09-15,1429,10,249,04th,Av,,soft story retrofit per sfebc chapter 4d: 2016 cebc appendix a-4,filed,09/15/2017,09/15/2017,2017-09-19,,3.0,3.0,,18000.0,0.0,apartments,6.0,apartments,6.0,2.0,5.0,wood frame (5),5.0,wood frame (5),1,Inner Richmond,94118,"(37.7839252036892, -122.46267353170244)",1479740000000.0,4,0,0,0,1,0,0,0,0,0,0,1,0,0,0,0,0,1,0,0,0,0,0,0,0,0,1,0,0,0,0,0,0,1,0,0,0,0,0,1,0,0,0,0,0,0,0,0,1,0,0,0,0,0,0,1,0,0,0,0,0,1,0,0,0,0,0
45,M833229,8,otc alterations permit,2017-09-19,605,28,2379,Jackson,St,1.0,street space,issued,09/19/2017,09/19/2017,2017-09-19,09/19/2017,,,,,1.0,,,,,,,,,,2,Pacific Heights,94115,"(37.792266300903314, -122.4340191358936)",1480160000000.0,0,0,0,0,1,0,0,0,0,0,0,0,1,0,0,0,0,0,0,0,0,0,0,0,0,0,1,0,0,0,0,0,0,0,1,0,0,0,0,0,0,0,0,0,0,0,0,0,1,0,0,0,0,0,0,0,1,0,0,0,0,0,0,0,0,0,0
46,M834107,8,otc alterations permit,2017-09-21,7151,14,247,Saint Charles,Av,0.0,street space,issued,09/21/2017,09/21/2017,2017-09-21,09/21/2017,,,,,1.0,,,,,,,,,,7,Oceanview/Merced/Ingleside,94132,"(37.70944796125683, -122.4690186732598)",1480580000000.0,0,0,0,0,1,0,0,0,0,0,0,0,1,0,0,0,0,0,0,0,0,0,0,0,0,0,1,0,0,0,0,0,0,0,1,0,0,0,0,0,0,0,0,0,0,0,0,0,1,0,0,0,0,0,0,0,1,0,0,0,0,0,0,0,0,0,0
47,M836287,8,otc alterations permit,2017-09-27,540,2,2843,Webster,St,,street space,issued,09/27/2017,09/27/2017,2017-09-27,09/27/2017,,,,,1.0,,,,,,,,,,2,Marina,94123,"(37.79686934709798, -122.43412132328224)",1481220000000.0,0,0,0,0,1,0,0,0,0,0,0,0,1,0,0,0,0,0,0,0,0,0,0,0,0,0,1,0,0,0,0,0,0,0,1,0,0,0,0,0,0,0,0,0,0,0,0,0,1,0,0,0,0,0,0,0,1,0,0,0,0,0,0,0,0,0,0
48,M836847,8,otc alterations permit,2017-09-28,959,29,2615,Divisadero,St,,street space,issued,09/28/2017,09/28/2017,2017-09-28,09/28/2017,,,,,1.0,,,,,,,,,,2,Pacific Heights,94123,"(37.79391508281414, -122.44195481827035)",1481430000000.0,0,0,0,0,1,0,0,0,0,0,0,0,1,0,0,0,0,0,0,0,0,0,0,0,0,0,1,0,0,0,0,0,0,0,1,0,0,0,0,0,0,0,0,0,0,0,0,0,1,0,0,0,0,0,0,0,1,0,0,0,0,0,0,0,0,0,0
49,M839427,8,otc alterations permit,2017-10-04,6780,34,252,Cotter,St,,street space,issued,10/04/2017,10/04/2017,2017-10-04,10/04/2017,,,,,1.0,,,,,,,,,,11,Outer Mission,94112,"(37.729885737657085, -122.43669590253097)",1482200000000.0,0,0,0,0,1,0,0,0,0,0,0,0,1,0,0,0,0,0,0,0,0,0,0,0,0,0,1,0,0,0,0,0,0,0,1,0,0,0,0,0,0,0,0,0,0,0,0,0,1,0,0,0,0,0,0,0,1,0,0,0,0,0,0,0,0,0,0
50,2.0171E+11,8,otc alterations permit,2017-10-11,5934,20,938,Felton,St,,reroofing,complete,10/31/2017,10/11/2017,2017-10-11,10/11/2017,2.0,2.0,04/11/2018,14000.0,14000.0,1 family dwelling,1.0,1 family dwelling,1.0,0.0,5.0,wood frame (5),5.0,wood frame (5),9,Portola,94134,"(37.72775517946509, -122.41419227409298)",1482930000000.0,0,0,0,0,1,0,0,0,0,1,0,0,0,0,0,1,0,0,0,0,0,0,0,0,0,0,1,0,0,0,0,1,0,0,0,0,0,1,0,0,0,0,0,0,0,0,0,0,1,0,0,0,0,1,0,0,0,0,0,1,0,0,0,0,0,0,0
51,M842668,8,otc alterations permit,2017-10-11,1558,9,535,15th,Av,,street space pmerit,issued,10/11/2017,10/11/2017,2017-10-11,10/11/2017,,,,,1.0,,,,,,,,,,1,Outer Richmond,94118,"(37.777944902487455, -122.47412411653805)",1482950000000.0,0,0,0,0,1,0,0,0,0,0,0,0,1,0,0,0,0,0,0,0,0,0,0,0,0,0,1,0,0,0,0,0,0,0,1,0,0,0,0,0,0,0,0,0,0,0,0,0,1,0,0,0,0,0,0,0,1,0,0,0,0,0,0,0,0,0,0
52,M842987,8,otc alterations permit,2017-10-11,797,22,896,Fillmore,St,,street space,issued,10/11/2017,10/11/2017,2017-10-11,10/11/2017,,,,,1.0,,,,,,,,,,5,Hayes Valley,94117,"(37.777501464434096, -122.4313176580435)",148302000000.0,0,0,0,0,1,0,0,0,0,0,0,0,1,0,0,0,0,0,0,0,0,0,0,0,0,0,1,0,0,0,0,0,0,0,1,0,0,0,0,0,0,0,0,0,0,0,0,0,1,0,0,0,0,0,0,0,1,0,0,0,0,0,0,0,0,0,0
53,M843007,8,otc alterations permit,2017-10-12,1095,5,2425,Geary,Bl,,street space,issued,10/12/2017,10/12/2017,2017-10-12,10/12/2017,,,,,1.0,,,,,,,,,,2,Lone Mountain/USF,94115,"(37.78231492051284, -122.44311204170013)",148305000000.0,0,0,0,0,1,0,0,0,0,0,0,0,1,0,0,0,0,0,0,0,0,0,0,0,0,0,1,0,0,0,0,0,0,0,1,0,0,0,0,0,0,0,0,0,0,0,0,0,1,0,0,0,0,0,0,0,1,0,0,0,0,0,0,0,0,0,0
54,M843807,8,otc alterations permit,2017-10-13,24,011C,2718,Hyde,St,,street space for pa201709279745,reinstated,10/20/2017,10/13/2017,2017-10-13,10/13/2017,,,,,1.0,,,,,,,,,,2,Russian Hill,94109,"(37.806017225478456, -122.42015526260425)",1483310000000.0,0,0,0,0,1,0,0,0,0,0,0,0,0,1,0,0,0,0,0,0,0,0,0,0,0,0,1,0,0,0,0,0,0,0,0,1,0,0,0,0,0,0,0,0,0,0,0,0,1,0,0,0,0,0,0,0,0,1,0,0,0,0,0,0,0,0,0
55,M845227,8,otc alterations permit,2017-10-17,1431,28,264,03rd,Av,,street space & sidewalk repair,issued,10/17/2017,10/17/2017,2017-10-17,10/17/2017,,,,,1.0,,,,,,,,,,1,Inner Richmond,94118,"(37.78372760851531, -122.46092340202318)",148365000000.0,0,0,0,0,1,0,0,0,0,0,0,0,1,0,0,0,0,0,0,0,0,0,0,0,0,0,1,0,0,0,0,0,0,0,1,0,0,0,0,0,0,0,0,0,0,0,0,0,1,0,0,0,0,0,0,0,1,0,0,0,0,0,0,0,0,0,0
56,M845327,8,otc alterations permit,2017-10-17,299,19,861,Sutter,St,,street space,issued,10/17/2017,10/17/2017,2017-10-17,10/17/2017,,,,,1.0,,,,,,,,,,3,Nob Hill,94109,"(37.788197996005636, -122.41442324510548)",148368000000.0,0,0,0,0,1,0,0,0,0,0,0,0,1,0,0,0,0,0,0,0,0,0,0,0,0,0,1,0,0,0,0,0,0,0,1,0,0,0,0,0,0,0,0,0,0,0,0,0,1,0,0,0,0,0,0,0,1,0,0,0,0,0,0,0,0,0,0
57,2.0171E+11,7,wall or painted sign,2017-10-24,8702,611,274,King,St,,re-face (1) existing projecting sign. maher na,filed,10/24/2017,10/24/2017,2017-10-30,,,,,1000.0,,,,,,2.0,,,,,6,Mission Bay,94107,"(37.777642220223974, -122.39341813656613)",1484480000000.0,6,0,0,0,0,0,1,0,0,0,0,1,0,0,0,0,0,0,0,0,0,0,0,0,0,0,0,0,1,0,0,0,0,1,0,0,0,0,0,0,0,0,0,0,0,0,0,0,0,0,1,0,0,0,0,1,0,0,0,0,0,0,0,0,0,0,0
58,M849547,8,otc alterations permit,2017-10-30,6165,13,66,Mill,St,,street space,issued,10/30/2017,10/30/2017,2017-10-30,10/30/2017,,,,,1.0,,,,,,,,,,10,Visitacion Valley,94134,"(37.71876662168294, -122.40622225145289)",1485320000000.0,0,0,0,0,1,0,0,0,0,0,0,0,1,0,0,0,0,0,0,0,0,0,0,0,0,0,1,0,0,0,0,0,0,0,1,0,0,0,0,0,0,0,0,0,0,0,0,0,1,0,0,0,0,0,0,0,1,0,0,0,0,0,0,0,0,0,0
59,M851827,8,otc alterations permit,2017-11-03,2038A,26,1730,12th,Av,,street space,issued,11/03/2017,11/03/2017,2017-11-03,11/03/2017,,,,,1.0,,,,,,,,,,7,Inner Sunset,94122,"(37.7558354230817, -122.46863203513271)",1485950000000.0,0,0,0,0,1,0,0,0,0,0,0,0,1,0,0,0,0,0,0,0,0,0,0,0,0,0,1,0,0,0,0,0,0,0,1,0,0,0,0,0,0,0,0,0,0,0,0,0,1,0,0,0,0,0,0,0,1,0,0,0,0,0,0,0,0,0,0
60,M853107,8,otc alterations permit,2017-11-07,3763,22,483,03rd,St,,street space and mta permits,issued,11/07/2017,11/07/2017,2017-11-07,11/07/2017,,,,,1.0,,,,,,,,,,6,Financial District/South Beach,94107,"(37.78174763474234, -122.39596460976995)",1486300000000.0,0,0,0,0,1,0,0,0,0,0,0,0,1,0,0,0,0,0,0,0,0,0,0,0,0,0,1,0,0,0,0,0,0,0,1,0,0,0,0,0,0,0,0,0,0,0,0,0,1,0,0,0,0,0,0,0,1,0,0,0,0,0,0,0,0,0,0
61,M853247,8,otc alterations permit,2017-11-07,640,29,1809,Gough,St,201.0,street space permit,issued,11/07/2017,11/07/2017,2017-11-07,11/07/2017,,,,,1.0,,,,,,,,,,2,Pacific Heights,94109,"(37.790448830284234, -122.42601228372914)",148636000000.0,0,0,0,0,1,0,0,0,0,0,0,0,1,0,0,0,0,0,0,0,0,0,0,0,0,0,1,0,0,0,0,0,0,0,1,0,0,0,0,0,0,0,0,0,0,0,0,0,1,0,0,0,0,0,0,0,1,0,0,0,0,0,0,0,0,0,0
62,M854087,8,otc alterations permit,2017-11-09,991,49,3953,Washington,St,,street space,issued,11/09/2017,11/09/2017,2017-11-09,11/09/2017,,,,,1.0,,,,,,,,,,2,Presidio Heights,94118,"(37.78826160313802, -122.45839792897874)",148657000000.0,0,0,0,0,1,0,0,0,0,0,0,0,1,0,0,0,0,0,0,0,0,0,0,0,0,0,1,0,0,0,0,0,0,0,1,0,0,0,0,0,0,0,0,0,0,0,0,0,1,0,0,0,0,0,0,0,1,0,0,0,0,0,0,0,0,0,0
63,M854747,8,otc alterations permit,2017-11-13,249,23,1571,Sacramento,St,,street space permit,issued,11/13/2017,11/13/2017,2017-11-13,11/13/2017,,,,,1.0,,,,,,,,,,3,Nob Hill,94109,"(37.79160220196534, -122.41866491945744)",1486850000000.0,0,0,0,0,1,0,0,0,0,0,0,0,1,0,0,0,0,0,0,0,0,0,0,0,0,0,1,0,0,0,0,0,0,0,1,0,0,0,0,0,0,0,0,0,0,0,0,0,1,0,0,0,0,0,0,0,1,0,0,0,0,0,0,0,0,0,0
64,M854907,8,otc alterations permit,2017-11-13,3590,13,3320,19th,St,,street space,issued,11/13/2017,11/13/2017,2017-11-13,11/13/2017,,,,,1.0,,,,,,,,,,9,Mission,94110,"(37.760524816501416, -122.41758272141853)",1486890000000.0,0,0,0,0,1,0,0,0,0,0,0,0,1,0,0,0,0,0,0,0,0,0,0,0,0,0,1,0,0,0,0,0,0,0,1,0,0,0,0,0,0,0,0,0,0,0,0,0,1,0,0,0,0,0,0,0,1,0,0,0,0,0,0,0,0,0,0
65,M855127,8,otc alterations permit,2017-11-13,1252,42,718,Cole,St,,street space permit,issued,11/13/2017,11/13/2017,2017-11-13,11/13/2017,,,,,1.0,,,,,,,,,,5,Haight Ashbury,94117,"(37.76807732513583, -122.45007833970155)",148693000000.0,0,0,0,0,1,0,0,0,0,0,0,0,1,0,0,0,0,0,0,0,0,0,0,0,0,0,1,0,0,0,0,0,0,0,1,0,0,0,0,0,0,0,0,0,0,0,0,0,1,0,0,0,0,0,0,0,1,0,0,0,0,0,0,0,0,0,0
66,2.01711E+11,3,additions alterations or repairs,2017-11-15,6969,1,5050,Mission,St,,fire alarm system for appln #201006104250,filed,11/15/2017,11/15/2017,2017-11-17,,,,,,,,,,,2.0,,,,,11,Outer Mission,94112,"(37.71772263199437, -122.44060092814006)",1487230000000.0,2,1,0,0,0,0,0,0,0,0,0,1,0,0,0,0,0,0,0,0,0,0,0,1,0,0,0,0,0,0,0,0,0,1,0,0,0,0,0,0,0,0,0,0,0,1,0,0,0,0,0,0,0,0,0,1,0,0,0,0,0,0,0,0,0,0,0
67,M857329,8,otc alterations permit,2017-11-17,4024,3,624,Hampshire,St,,street space,issued,11/17/2017,11/17/2017,2017-11-17,11/17/2017,,,,,1.0,,,,,,,,,,10,Mission,94110,"(37.761456067566776, -122.40846096212044)",1487610000000.0,0,0,0,0,1,0,0,0,0,0,0,0,1,0,0,0,0,0,0,0,0,0,0,0,0,0,1,0,0,0,0,0,0,0,1,0,0,0,0,0,0,0,0,0,0,0,0,0,1,0,0,0,0,0,0,0,1,0,0,0,0,0,0,0,0,0,0
68,M857707,8,otc alterations permit,2017-11-20,5666,10,156,Wool,St,,streetspace,issued,11/20/2017,11/20/2017,2017-11-20,11/20/2017,,,,,0.0,,,,,,,,,,9,Bernal Heights,94110,"(37.73977153028013, -122.41727389222731)",1487760000000.0,0,0,0,0,1,0,0,0,0,0,0,0,1,0,0,0,0,0,0,0,0,0,0,0,0,0,1,0,0,0,0,0,0,0,1,0,0,0,0,0,0,0,0,0,0,0,0,0,1,0,0,0,0,0,0,0,1,0,0,0,0,0,0,0,0,0,0
69,M858789,8,otc alterations permit,2017-11-27,912,002A,1856,Jefferson,St,,street space prmit,issued,11/27/2017,11/27/2017,2017-11-27,11/27/2017,,,,,1.0,,,,,,,,,,2,Marina,94123,"(37.80500098348984, -122.44312789248019)",1488280000000.0,0,0,0,0,1,0,0,0,0,0,0,0,1,0,0,0,0,0,0,0,0,0,0,0,0,0,1,0,0,0,0,0,0,0,1,0,0,0,0,0,0,0,0,0,0,0,0,0,1,0,0,0,0,0,0,0,1,0,0,0,0,0,0,0,0,0,0
70,2.01711E+11,8,otc alterations permit,2017-11-27,1744,39,1241,06th,Av,,install 6 vinyl windows size for size on back wall,issued,11/27/2017,11/27/2017,2017-11-27,11/27/2017,2.0,2.0,05/27/2018,6000.0,6000.0,apartments,3.0,apartments,3.0,0.0,5.0,wood frame (5),5.0,wood frame (5),5,Inner Sunset,94122,"(37.76535779270799, -122.46346983597869)",1488410000000.0,0,0,0,0,1,0,0,0,0,0,0,0,1,0,0,0,0,1,0,0,0,0,0,0,0,0,1,0,0,0,0,0,0,0,1,0,0,0,0,1,0,0,0,0,0,0,0,0,1,0,0,0,0,0,0,0,1,0,0,0,0,1,0,0,0,0,0
71,M859867,8,otc alterations permit,2017-11-28,2417,7,2563,16th,Av,,street space,issued,11/28/2017,11/28/2017,2017-11-28,11/28/2017,,,,,1.0,,,,,,,,,,7,West of Twin Peaks,94116,"(37.74014357143049, -122.47259785447889)",1488580000000.0,0,0,0,0,1,0,0,0,0,0,0,0,1,0,0,0,0,0,0,0,0,0,0,0,0,0,1,0,0,0,0,0,0,0,1,0,0,0,0,0,0,0,0,0,0,0,0,0,1,0,0,0,0,0,0,0,1,0,0,0,0,0,0,0,0,0,0
72,M860867,8,otc alterations permit,2017-11-30,187,1,1455,Leavenworth,St,0.0,street space,issued,11/30/2017,11/30/2017,2017-11-30,11/30/2017,,,,,1.0,,,,,,,,,,3,Russian Hill,94109,"(37.794608915442694, -122.41666671768017)",1488830000000.0,0,0,0,0,1,0,0,0,0,0,0,0,1,0,0,0,0,0,0,0,0,0,0,0,0,0,1,0,0,0,0,0,0,0,1,0,0,0,0,0,0,0,0,0,0,0,0,0,1,0,0,0,0,0,0,0,1,0,0,0,0,0,0,0,0,0,0
73,M861547,8,otc alterations permit,2017-12-01,327,18,165,Ofarrell,St,,street space permit - renewal of permit # m783367,issued,12/01/2017,12/01/2017,2017-12-01,12/01/2017,,,,,1.0,,,,,,,,,,3,Financial District/South Beach,94102,"(37.78622455286341, -122.40734672057884)",148900000000.0,0,0,0,0,1,0,0,0,0,0,0,0,1,0,0,0,0,0,0,0,0,0,0,0,0,0,1,0,0,0,0,0,0,0,1,0,0,0,0,0,0,0,0,0,0,0,0,0,1,0,0,0,0,0,0,0,1,0,0,0,0,0,0,0,0,0,0
74,M863107,8,otc alterations permit,2017-12-05,1676,001H,835,33rd,Av,,street space,issued,12/05/2017,12/05/2017,2017-12-05,12/05/2017,,,,,1.0,,,,,,,,,,1,Outer Richmond,94121,"(37.7731864648277, -122.4931642429677)",1489440000000.0,0,0,0,0,1,0,0,0,0,0,0,0,1,0,0,0,0,0,0,0,0,0,0,0,0,0,1,0,0,0,0,0,0,0,1,0,0,0,0,0,0,0,0,0,0,0,0,0,1,0,0,0,0,0,0,0,1,0,0,0,0,0,0,0,0,0,0
75,M863627,8,otc alterations permit,2017-12-06,473,7,1304,Francisco,St,,street space,issued,12/06/2017,12/06/2017,2017-12-06,12/06/2017,,,,,1.0,,,,,,,,,,2,Marina,94123,"(37.803097650767135, -122.4268812097281)",148959000000.0,0,0,0,0,1,0,0,0,0,0,0,0,1,0,0,0,0,0,0,0,0,0,0,0,0,0,1,0,0,0,0,0,0,0,1,0,0,0,0,0,0,0,0,0,0,0,0,0,1,0,0,0,0,0,0,0,1,0,0,0,0,0,0,0,0,0,0
76,M863967,8,otc alterations permit,2017-12-07,3728,8,1202,Howard,St,,street space,issued,12/07/2017,12/07/2017,2017-12-07,12/07/2017,,,,,1.0,,,,,,,,,,6,South of Market,94103,"(37.776258877899394, -122.4119816702891)",1489690000000.0,0,0,0,0,1,0,0,0,0,0,0,0,1,0,0,0,0,0,0,0,0,0,0,0,0,0,1,0,0,0,0,0,0,0,1,0,0,0,0,0,0,0,0,0,0,0,0,0,1,0,0,0,0,0,0,0,1,0,0,0,0,0,0,0,0,0,0
77,M864087,8,otc alterations permit,2017-12-07,1212,70,215,Cole,St,1.0,street space permit,issued,12/07/2017,12/07/2017,2017-12-07,12/07/2017,,,,,1.0,,,,,,,,,,5,Lone Mountain/USF,94117,"(37.77295138711437, -122.45120688231127)",1489730000000.0,0,0,0,0,1,0,0,0,0,0,0,0,1,0,0,0,0,0,0,0,0,0,0,0,0,0,1,0,0,0,0,0,0,0,1,0,0,0,0,0,0,0,0,0,0,0,0,0,1,0,0,0,0,0,0,0,1,0,0,0,0,0,0,0,0,0,0
78,M864147,8,otc alterations permit,2017-12-07,510,13,2250,Greenwich,St,,street space,issued,12/07/2017,12/07/2017,2017-12-07,12/07/2017,,,,,1.0,,,,,,,,,,2,Marina,94123,"(37.79909185253604, -122.43683336533985)",148976000000.0,0,0,0,0,1,0,0,0,0,0,0,0,1,0,0,0,0,0,0,0,0,0,0,0,0,0,1,0,0,0,0,0,0,0,1,0,0,0,0,0,0,0,0,0,0,0,0,0,1,0,0,0,0,0,0,0,1,0,0,0,0,0,0,0,0,0,0
79,M864527,8,otc alterations permit,2017-12-08,642,87,1700,California,St,1007.0,common area- street space & mta parking meter,issued,12/08/2017,12/08/2017,2017-12-08,12/08/2017,,,,,1.0,,,,,,,,,,2,Pacific Heights,94109,"(37.79055541147386, -122.4230298567197)",148986000000.0,0,0,0,0,1,0,0,0,0,0,0,0,1,0,0,0,0,0,0,0,0,0,0,0,0,0,1,0,0,0,0,0,0,0,1,0,0,0,0,0,0,0,0,0,0,0,0,0,1,0,0,0,0,0,0,0,1,0,0,0,0,0,0,0,0,0,0
80,M864647,8,otc alterations permit,2017-12-08,4097,045A,737,Carolina,St,,street space,issued,12/08/2017,12/08/2017,2017-12-08,12/08/2017,,,,,1.0,,,,,,,,,,10,Potrero Hill,94107,"(37.75927525128718, -122.39979001449888)",1489900000000.0,0,0,0,0,1,0,0,0,0,0,0,0,1,0,0,0,0,0,0,0,0,0,0,0,0,0,1,0,0,0,0,0,0,0,1,0,0,0,0,0,0,0,0,0,0,0,0,0,1,0,0,0,0,0,0,0,1,0,0,0,0,0,0,0,0,0,0
81,M859387,8,otc alterations permit,2017-11-28,3995,22,595,Mariposa,St,,street space permit - renewal of permit #m842087,issued,12/08/2017,11/28/2017,2017-12-08,12/08/2017,,,,,1.0,,,,,,,,,,10,Potrero Hill,94107,"(37.7641409841946, -122.38952857235172)",1489950000000.0,10,0,0,0,1,0,0,0,0,0,0,0,1,0,0,0,0,0,0,0,0,0,0,0,0,0,1,0,0,0,0,0,0,0,1,0,0,0,0,0,0,0,0,0,0,0,0,0,1,0,0,0,0,0,0,0,1,0,0,0,0,0,0,0,0,0,0
82,M865207,8,otc alterations permit,2017-12-11,993,12,3778,Clay,St,,strwet space permit,issued,12/11/2017,12/11/2017,2017-12-11,12/11/2017,,,,,1.0,,,,,,,,,,2,Presidio Heights,94118,"(37.78829850083694, -122.45506041199897)",149010000000.0,0,0,0,0,1,0,0,0,0,0,0,0,1,0,0,0,0,0,0,0,0,0,0,0,0,0,1,0,0,0,0,0,0,0,1,0,0,0,0,0,0,0,0,0,0,0,0,0,1,0,0,0,0,0,0,0,1,0,0,0,0,0,0,0,0,0,0
83,M867767,8,otc alterations permit,2017-12-18,185,13,1446,Jackson,St,,street space,issued,12/18/2017,12/18/2017,2017-12-18,12/18/2017,,,,,1.0,,,,,,,,,,3,Russian Hill,94109,"(37.79471233986647, -122.41898268036178)",149095000000.0,0,0,0,0,1,0,0,0,0,0,0,0,1,0,0,0,0,0,0,0,0,0,0,0,0,0,1,0,0,0,0,0,0,0,1,0,0,0,0,0,0,0,0,0,0,0,0,0,1,0,0,0,0,0,0,0,1,0,0,0,0,0,0,0,0,0,0
84,2.01712E+11,3,additions alterations or repairs,2017-12-19,2611,42,2,Castro,St,0.0,to comply with nov 201719241 seismic retrofit. 2016 cebc appendix a-4,filed,12/19/2017,12/19/2017,2017-12-22,,3.0,3.0,,40000.0,,apartments,8.0,apartments,8.0,2.0,5.0,wood frame (5),5.0,wood frame (5),8,Castro/Upper Market,94114,"(37.76879786581987, -122.43595233495957)",1491120000000.0,3,1,0,0,0,0,0,0,0,0,0,1,0,0,0,0,0,1,0,0,0,0,0,1,0,0,0,0,0,0,0,0,0,1,0,0,0,0,0,1,0,0,0,0,0,1,0,0,0,0,0,0,0,0,0,1,0,0,0,0,0,1,0,0,0,0,0
85,2.01712E+11,1,new construction,2017-12-20,4991,85,250,Executive Park,Bl,,bldg 7. erect a type i&iii (5) story (3) basement 167 dwelling unit and retail building. maher n/a,filed,12/20/2017,12/20/2017,2017-12-22,,,5.0,,25000000.0,,,,apartments,74.0,2.0,,,1.0,constr type 1,10,Bayview Hunters Point,94134,"(37.710262656811906, -122.39181337034003)",1491350000000.0,2,0,0,1,0,0,0,0,0,0,0,1,0,0,0,0,0,0,0,0,0,0,0,0,0,1,0,0,0,0,0,0,0,1,0,0,0,0,0,0,0,0,0,0,0,0,0,1,0,0,0,0,0,0,0,1,0,0,0,0,0,0,0,0,0,0,0
86,M869807,8,otc alterations permit,2017-12-22,474,36,1111,Bay,St,201.0,street space,issued,12/22/2017,12/22/2017,2017-12-22,12/22/2017,,,,,1.0,,,,,,,,,,2,Marina,94123,"(37.80383760408627, -122.425481726898)",149162000000.0,0,0,0,0,1,0,0,0,0,0,0,0,1,0,0,0,0,0,0,0,0,0,0,0,0,0,1,0,0,0,0,0,0,0,1,0,0,0,0,0,0,0,0,0,0,0,0,0,1,0,0,0,0,0,0,0,1,0,0,0,0,0,0,0,0,0,0
87,M869987,8,otc alterations permit,2017-12-22,1041,16,590,Spruce,St,,street space,issued,12/22/2017,12/22/2017,2017-12-22,12/22/2017,,,,,1.0,,,,,,,,,,2,Presidio Heights,94118,"(37.78433078356834, -122.45341049084826)",149167000000.0,0,0,0,0,1,0,0,0,0,0,0,0,1,0,0,0,0,0,0,0,0,0,0,0,0,0,1,0,0,0,0,0,0,0,1,0,0,0,0,0,0,0,0,0,0,0,0,0,1,0,0,0,0,0,0,0,1,0,0,0,0,0,0,0,0,0,0
88,M870307,8,otc alterations permit,2017-12-26,3654,19,3998,24th,St,,street space,issued,12/26/2017,12/26/2017,2017-12-26,12/26/2017,,,,,1.0,,,,,,,,,,8,Noe Valley,94114,"(37.75161242561386, -122.43165739700228)",1491790000000.0,0,0,0,0,1,0,0,0,0,0,0,0,1,0,0,0,0,0,0,0,0,0,0,0,0,0,1,0,0,0,0,0,0,0,1,0,0,0,0,0,0,0,0,0,0,0,0,0,1,0,0,0,0,0,0,0,1,0,0,0,0,0,0,0,0,0,0
89,M870527,8,otc alterations permit,2017-12-27,0442A,15,50,Capra,Wy,0.0,street space permit,issued,12/27/2017,12/27/2017,2017-12-27,12/27/2017,,,,,1.0,,,,,,,,,,2,Marina,94123,"(37.802888387282984, -122.4397144224316)",1491870000000.0,0,0,0,0,1,0,0,0,0,0,0,0,1,0,0,0,0,0,0,0,0,0,0,0,0,0,1,0,0,0,0,0,0,0,1,0,0,0,0,0,0,0,0,0,0,0,0,0,1,0,0,0,0,0,0,0,1,0,0,0,0,0,0,0,0,0,0
90,M870607,8,otc alterations permit,2017-12-27,3542,41,2100,Market,St,,street space,issued,12/27/2017,12/27/2017,2017-12-27,12/27/2017,,,,,1.0,,,,,,,,,,8,Castro/Upper Market,94114,"(37.76747317610972, -122.42941499242298)",1491900000000.0,0,0,0,0,1,0,0,0,0,0,0,0,1,0,0,0,0,0,0,0,0,0,0,0,0,0,1,0,0,0,0,0,0,0,1,0,0,0,0,0,0,0,0,0,0,0,0,0,1,0,0,0,0,0,0,0,1,0,0,0,0,0,0,0,0,0,0
91,2.01712E+11,3,additions alterations or repairs,2017-12-28,1419,29,274,15th,Av,,"horizontal adddition. addition of rear stairs and interior remodel of dwelling. including (n) beds, (n) baths (n) kitchen.",filed,12/28/2017,12/28/2017,2015-09-11,,3.0,3.0,,500000.0,,1 family dwelling,1.0,2 family dwelling,2.0,2.0,5.0,wood frame (5),5.0,wood frame (5),1,Outer Richmond,94118,"(37.783004678170975, -122.47380756548935)",149205000000.0,-839,1,0,0,0,0,0,0,0,0,0,1,0,0,0,1,0,0,0,0,0,0,0,1,0,0,0,0,0,0,0,0,0,1,0,0,0,1,0,0,0,0,0,0,0,1,0,0,0,0,0,0,0,0,0,1,0,0,0,1,0,0,0,0,0,0,0
92,2.01303E+11,7,wall or painted sign,2013-03-22,719,2,901,Van Ness,Av,,"to erect electric, projecting, double faced sign. change copy only. insert new face into exsiting sign.",cancelled,07/31/2017,03/22/2013,2015-09-11,,,,,1000.0,,,,,,2.0,,,,,5,Western Addition,94109,"(37.78400192377985, -122.42169433153967)",129957000000.0,903,0,0,0,0,0,1,0,1,0,0,0,0,0,0,0,0,0,0,0,0,0,0,0,0,0,0,0,1,0,1,0,0,0,0,0,0,0,0,0,0,0,0,0,0,0,0,0,0,0,1,0,1,0,0,0,0,0,0,0,0,0,0,0,0,0,0
93,2.01407E+11,3,additions alterations or repairs,2014-07-08,5900A,25,801,Silver,Av,,new sprinkler system. 94 heads. ref: 2014-11-12-1272.,complete,09/08/2017,07/08/2014,2015-09-11,09/11/2015,2.0,2.0,09/05/2016,15000.0,47000.0,church,,church,,2.0,3.0,constr type 3,3.0,constr type 3,9,Portola,94134,"(37.7295502279417, -122.41833852987313)",1348200000000.0,430,1,0,0,0,0,0,0,0,1,0,0,0,0,0,0,0,0,1,0,0,0,0,1,0,0,0,0,0,0,0,1,0,0,0,0,0,0,0,0,1,0,0,0,0,1,0,0,0,0,0,0,0,1,0,0,0,0,0,0,0,0,1,0,0,0,0
94,2.01408E+11,8,otc alterations permit,2014-08-25,3509,29,63,Grace,St,,to comply with physical inspection report cc7777,complete,10/04/2017,08/25/2014,2014-08-25,08/25/2014,3.0,3.0,08/20/2015,500.0,500.0,apartments,4.0,apartments,4.0,0.0,5.0,wood frame (5),5.0,wood frame (5),6,South of Market,94103,"(37.774944547030586, -122.41443674356925)",1353300000000.0,0,0,0,0,1,0,0,0,0,1,0,0,0,0,0,0,0,1,0,0,0,0,0,0,0,0,1,0,0,0,0,1,0,0,0,0,0,0,0,1,0,0,0,0,0,0,0,0,1,0,0,0,0,1,0,0,0,0,0,0,0,1,0,0,0,0,0
95,2.01501E+11,3,additions alterations or repairs,2015-01-20,1226,19,418,Shrader,St,,rear structure - converting structure at the rear of the property to a dwelling unit.,cancelled,09/19/2017,01/20/2015,2015-05-20,,1.0,1.0,,35000.0,,storage shed,0.0,1 family dwelling,1.0,2.0,5.0,wood frame (5),5.0,wood frame (5),5,Haight Ashbury,94117,"(37.770762127562946, -122.45184046838122)",1370340000000.0,120,1,0,0,0,0,0,0,1,0,0,0,0,0,0,0,0,0,0,0,0,1,0,1,0,0,0,0,0,0,1,0,0,0,0,0,0,0,0,0,0,0,0,1,0,1,0,0,0,0,0,0,1,0,0,0,0,0,0,0,0,0,0,0,0,1,0
96,2.01505E+11,8,otc alterations permit,2015-05-19,3105A,5,235,San Anselmo,Av,,"revision to 201502188647, show new wall detail at new a8",expired,07/07/2017,05/19/2015,2015-05-20,05/20/2015,2.0,2.0,05/14/2016,50000.0,50000.0,1 family dwelling,1.0,1 family dwelling,1.0,2.0,5.0,wood frame (5),5.0,wood frame (5),7,West of Twin Peaks,94127,"(37.73379936523225, -122.46437263573927)",1382160000000.0,1,0,0,0,1,0,0,0,0,0,1,0,0,0,0,1,0,0,0,0,0,0,0,0,0,0,1,0,0,0,0,0,1,0,0,0,0,1,0,0,0,0,0,0,0,0,0,0,1,0,0,0,0,0,1,0,0,0,0,1,0,0,0,0,0,0,0
97,2.01505E+11,6,demolitions,2015-05-29,3780,1,502,07th,St,,"demolish a 2 stories, storage building.",issued,07/19/2017,05/29/2015,2017-07-19,07/19/2017,2.0,,01/15/2018,20000.0,40000.0,office,0.0,,,2.0,5.0,wood frame (5),,,6,South of Market,94103,"(37.77399389340962, -122.40478807349099)",1383270000000.0,782,0,1,0,0,0,0,0,0,0,0,0,1,0,0,0,0,0,0,1,0,0,0,0,1,0,0,0,0,0,0,0,0,0,1,0,0,0,0,0,0,1,0,0,0,0,1,0,0,0,0,0,0,0,0,0,1,0,0,0,0,0,0,1,0,0,0
98,2.01511E+11,8,otc alterations permit,2015-11-30,2402,33,2411,23rd,Av,0.0,"soft story retrofit per sfbc chapter 34b, 2012 iebc appendix a-4.",withdrawn,07/20/2017,11/30/2015,2017-11-01,,3.0,3.0,,20000.0,0.0,apartments,8.0,apartments,8.0,2.0,5.0,wood frame (5),5.0,wood frame (5),4,Sunset/Parkside,94116,"(37.74253513204044, -122.48020663366745)",1404820000000.0,702,0,0,0,1,0,0,0,0,0,0,0,0,0,1,0,0,1,0,0,0,0,0,0,0,0,1,0,0,0,0,0,0,0,0,0,1,0,0,1,0,0,0,0,0,0,0,0,1,0,0,0,0,0,0,0,0,0,1,0,0,1,0,0,0,0,0
99,2.01602E+11,3,additions alterations or repairs,2016-02-05,6404,17,1201,Geneva,Av,,change of use/occupancy from existing grocery story to church.,issued,11/01/2017,02/05/2016,2017-11-01,11/01/2017,1.0,1.0,11/01/2018,1000.0,40000.0,retail sales,0.0,church,0.0,2.0,5.0,wood frame (5),5.0,wood frame (5),11,Excelsior,94112,"(37.71433687660641, -122.43582765047069)",1411580000000.0,635,1,0,0,0,0,0,0,0,0,0,0,1,0,0,0,0,0,0,0,1,0,0,1,0,0,0,0,0,0,0,0,0,0,1,0,0,0,0,0,0,0,1,0,0,1,0,0,0,0,0,0,0,0,0,0,1,0,0,0,0,0,0,0,1,0,0
100,2.01602E+11,3,additions alterations or repairs,2016-02-17,4700,43,1004,Griffith,St,,"provide a new sprinklers monitoring system, water flow and valve monitoring",complete,10/13/2017,02/17/2016,2016-07-01,07/01/2016,2.0,2.0,06/26/2017,17749.0,18000.0,apartments,,apartments,,2.0,5.0,wood frame (5),5.0,wood frame (5),10,Bayview Hunters Point,94124,"(37.72895726243854, -122.37932169727125)",1412830000000.0,135,1,0,0,0,0,0,0,0,1,0,0,0,0,0,0,0,1,0,0,0,0,0,1,0,0,0,0,0,0,0,1,0,0,0,0,0,0,0,1,0,0,0,0,0,1,0,0,0,0,0,0,0,1,0,0,0,0,0,0,0,1,0,0,0,0,0
